water req,,Min Temp,Max Temp,Humidity,Wind,Sun,Rad,ETo,rain,crop,soil
,january ,8,22,56,144,8,14.6,2.65,6,rice,BLACK CLAY
,feb,11,26,46,192,9,17.9,4,10,rice,BLACK CLAY
,march,16,32,35,192,8,19.2,5.42,5,rice,BLACK CLAY
,april ,22,37,26,240,9,22.6,7.73,4,rice,BLACK CLAY
,may ,26,41,27,288,9,23.4,9.45,18,rice,BLACK CLAY
,june,27,39,46,312,7,20.6,8.24,51,rice,BLACK CLAY
,july,25,34,73,264,5,17.5,5.13,213,rice ,BLACK CLAY
,august,24,33,81,240,5,16.9,4.3,227,rice,BLACK CLAY
,september,23,34,67,192,8,19.7,5.14,80,rice,BLACK CLAY
,oct,19,34,43,168,9,18.6,5.22,12,rice,BLACK CLAY
,nov,13,29,47,120,9,16.1,3.53,8,rice,BLACK CLAY
,dec,9,24,51,120,8,13.8,2.69,3,rice,BLACK CLAY
,,,,,,,,,,,
,21,30,75,168,8.7,19.4,4.07,15,rice,BLACK CLAY,
,21,32,71,192,9.6,22.2,4.93,3,rice,BLACK CLAY,
,24,34,70,216,9.5,23.5,5.69,2,rice,BLACK CLAY,
,26,36,70,264,9.7,24.5,6.43,10,rice,BLACK CLAY,
,27,39,63,312,9,23.2,7.41,32,rice,BLACK CLAY,
,27,38,61,312,6.8,19.6,6.89,56,rice ,BLACK CLAY,
,26,36,64,288,6,18.4,6.09,111,rice,BLACK CLAY,
,25,35,70,264,6.2,18.9,5.51,154,rice,BLACK CLAY,
,25,35,72,240,6.6,19.2,5.31,121,rice,BLACK CLAY,
,24,33,78,168,6.3,17.7,4.28,241,rice,BLACK CLAY,
,23,31,82,168,6.1,16.1,3.61,329,rice,BLACK CLAY,
,22,30,79,168,6.6,16,3.53,123,rice,BLACK CLAY,
