water req,month,Min Temp,Max Temp,Humidity,Wind,Sun,Rad,rain,altitude,latitude,crop,soil,city
44.4,October,19,34,43,168,9,18.6,12,431,26.91,maize,red lomy sand,jaipur
95.2,November,13,29,47,120,9,16.1,8,431,26.91,maize,red lomy sand,jaipur
100.4,December,9,24,51,120,8,13.8,3,431,26.91,maize,red lomy sand,jaipur
63,January,8,22,56,144,8,14.6,6,431,26.91,maize,red lomy sand,jaipur
2.6,February,11,26,46,192,9,17.9,10,431,26.91,maize,red lomy sand,jaipur
0,October,24,33,78,168,6.3,17.7,241,7,13.08,maize,red lomy sand,chennai
0,November,23,31,82,168,6.1,16.1,329,7,13.08,maize,red lomy sand,chennai
28.4,December,22,30,79,168,6.6,16,123,7,13.08,maize,red lomy sand,chennai
85.3,January,21,30,75,168,8.7,19.4,15,7,13.08,maize,red lomy sand,chennai
3.4,February,21,32,71,192,9.6,22.2,3,7,13.08,maize,red lomy sand,chennai
2.1,October,22.4,32.4,61,95,8.7,20.7,89.7,281,15.8,maize,red lomy sand,kurnool
86.3,November,19.2,31,56,78,7.7,17.6,23.6,281,15.8,maize,red lomy sand,kurnool
121.7,December,16.6,30.3,51,69,8.4,17.7,1.8,281,15.8,maize,red lomy sand,kurnool
99.4,January,17,31.3,47,104,8.8,18.7,0,281,15.8,maize,red lomy sand,kurnool
3.3,February,19.3,34.3,37,112,9.3,21.2,4.5,281,15.8,maize,red lomy sand,kurnool
29.4,October,19,33,63,72,7,15.7,10,216,28.7,maize,red lomy sand,delhi
65,November,13,28,68,48,9,15.5,10,216,28.7,maize,red lomy sand,delhi
70.8,December,9,22,71,96,10,15.3,10,216,28.7,maize,red lomy sand,delhi
40.3,January,8,21,73,120,10,16.1,20,216,28.7,maize,red lomy sand,delhi
2,February,10,23,66,144,10,18.6,30,216,28.7,maize,red lomy sand,delhi
0,October,24,32,78,72,6.3,16,141,9,22.7,maize,red lomy sand,kolkata
59.7,November,19,30,72,48,8.1,16.3,26,9,22.7,maize,red lomy sand,kolkata
88.7,December,14,27,72,72,8.4,15.6,7,9,22.7,maize,red lomy sand,kolkata
52,January,13,26,71,72,8.4,16.3,14,9,22.7,maize,red lomy sand,kolkata
2.2,February,17,30,66,72,8.5,18.4,22,9,22.7,maize,red lomy sand,kolkata
3.7,October,24,33,69,144,8,19.1,90,14,19.07,maize,red lomy sand,mumbai
106.4,November,22,33,59,144,9,18.4,20,14,19.07,maize,red lomy sand,mumbai
141.6,December,19,32,57,144,9,17.4,10,14,19.07,maize,red lomy sand,mumbai
93.6,January,18,30,58,144,9,18.1,10,14,19.07,maize,red lomy sand,mumbai
3.3,February,18,31,58,168,10,21.3,10,14,19.07,maize,red lomy sand,mumbai
